Project Type,UNIT,min emp.,S.NO,TASK LIST,المهمة,DURATION,CHARGE AED,Description,,,,,,,,,,,,
,,,,,,,,,,,,,,,,,,,,
Ceiling,SQ FT,2,1,GYPSUM CEILING 8 x 4 ft,سقف جبس بورد بمقاس ‎8×4 قدم‎,10min,150 AED,AS PER THE DIMESION OF GI FRAMING SHEET SIZE LL BE CUSTOMISED,,,,,,,,,,,,
Ceiling,SQ FT,2,2,GI frame work,هيكل معدني من الحديد المجلفن,10min,100 AED,MAKING GI FRAME WORK BY C CHANEL /STUDD AND WALL ANGLE THEN FIXED BY GYPSUM SCREW,,,,,,,,,,,,
Ceiling,SQ FT,2,3,MARKING + DRILLING,تحديد المواقع + الحفر,2 min,30 AED,MARKING THE LEVEL OF CEILING BY CELING HEIGHT AND APPLY SCREW AS PER THE WALL ANGLE LOACTION,,,,,,,,,,,,
Ceiling,1 sheet,2,4,SHEET CUTTING,قص الألواح,10 min,25 AED,CUSTOMISATION AS PER THE SIZE,,,,,,,,,,,,
Ceiling,SQ FT,2,5,forceiling 60 x 60 cm,سقف مستعار بمقاس ‎60×60 سم‎,15min,100 AED,MAKING FRAMING BY 60 CM TEE AND 120 CM TEE WITH THE HELP OF SS WIRE AND APPLY SCREWS,,,,,,,,,,,,
Ceiling,SQ FT,2,6,frame making,تصنيع الإطار,10 min,60 AED,,,,,,,,,,,,,
Ceiling,SQ FT,2,7,marking + drilling,تحديد المواقع + الحفر,20 min,30 AED,MARKING LEVELLING AND DRILLING HOLES FOR SUPPORTING FRAME IN CEILING,,,,,,,,,,,,
Plumbing,1 pcs,1,8,SHATTAF FIXING,تثبيت شطاف,10 MIN,20AED,,remove old one -- change new unit,,,,,,,,,,,
Plumbing,1 pcs,1,9,BASIN MIXER,خلاط مغسلة,15 MIN,40AED,,remove old one -- change new unit,,,,,,,,,,,
Plumbing,1 pcs,1,10,FLEXIBLE PIPE,خرطوم مرن,10 MIN,10AED,,remove old one -- change new pipe,,,,,,,,,,,
Plumbing,1 pcs,1,11,SHOWER HEAD (ONLY),رأس دش (فقط),5 MIN,10AED,,replace by new set,,,,,,,,,,,
Plumbing,1 pcs,1,12,SHOWER MIXER,خلاط دش,10 MIN,40AED,repairing not possible,complete set change one time,,,,,,,,,,,
Plumbing,1 pcs,1,13,KITCHEN MIXER,خلاط مطبخ,10 MIN,35AED,,complete set change one time,,,,,,,,,,,
Plumbing,1 pcs,1,14,FLOAT VALVE,عوامة خزان,5 MIN,60AED,,remove old one -- replace new valve,,,,,,,,,,,
Plumbing,1 pcs,1,15,ANGLE VALVE,صمام زاوية,5 MIN,10AED,,remove old one -- replace new valve,,,,,,,,,,,
Plumbing,1 pcs,1,16,SHUTT OFF VALVE,صمام إغلاق,25 MIN,25AED,,remove old one -- replace new valve,,,,,,,,,,,
Plumbing,per meter,2,17,CPVC PIPE WORK,أعمال أنابيب CPVC,15 MIN/M,15/M AED,remove old one -- change new pipes /repair broken pipes,,,,,,,,,,,,
Plumbing,1 pcs,1,18,MAGIC PIPE,أنبوب ماجيك,15 MIN,10AED,,remove old one -- change new unit,,,,,,,,,,,
Plumbing,1 pcs,1,19,KITCHEN WASTE PIPE,أنبوب صرف المطبخ,15 MIN,15AED,,remove old one -- change new unit,,,,,,,,,,,
Plumbing,1 pcs,2,20,HEATER FIXING,تركيب سخان,30 MIN,100AED,repairing not possible,remove old heater -- change new unit,,,,,,,,,,,
Plumbing,1 pcs,1,21,HEATER FLEXIBLE PIPE,خرطوم مرن للسخان,15 MIN,15AED,,remove old one -- change new unit,,,,,,,,,,,
Plumbing,1 pcs,2,22,PPR WORK 1 INCH / 0.5 INCH,أعمال أنابيب PPR مقاس 1 بوصة / 0.5 بوصة,10 MIN / M,,,remove old one -- change new unit,,,,,,,,,,,
Plumbing,1 task,2,23,DRAINAGE BLOCK ( ACID WORK),انسداد في الصرف (عمل بالأحماض),30 MIN,50AED,remove old one -- change new pipes /repair broken pipes,,,,,,,,,,,,
Plumbing,1 pcs,2,24,WASH BASIN NEW,مغسلة جديدة,30 MIN,60AED,,remove old one -- change new unit,,,,,,,,,,,
Plumbing,1 pcs,2,25,WC NEW,مرحاض جديد,45 MINS,100AED,cracked / new bathroom,remove old one -- change new unit,,,,,,,,,,,
Plumbing,1 pcs,1,26,FLUSH FITTING,تركيب فلاش,10 MIN,40ED,repairing not possible,flush button / flush set leakage change new set,,,,,,,,,,,
Plumbing,1 pcs,2,27,WC FLUSH TANK FITTING,تركيب خزان فلاش للمرحاض,20 MIN,30ED,,if cracked / broken change new tank,,,,,,,,,,,
Plumbing,1 pcs,2,28,PVC FLOOR CONCIELD PIPE FIXING,تثبيت أنبوب أرضي PVC مخفي,15 MIN/M,,,remove old one -- change new unit,,,,,,,,,,,
Plumbing,1 pcs,2,29,PVC ELBOW / SOCKET/REDUCER,كوع / وصلة / مخفض PVC,20 MIN EACH,,,remove old one -- change new unit,,,,,,,,,,,
Plumbing,1 pcs,2,30,FLOOR TRAP PVC,مصيدة أرضية PVC,45 MINS,,concealed in floor if leak change new by breaking floor / new set in bathroom,,,,,,,,,,,,
Plumbing,1 pcs,1,31,BATHROOM MIRROR,مرآة حمام,10 MIN,15AED,remove broken/ cracked-- change new mirror with 3 clips,,,,,,,,,,,,
Plumbing,1 pcs,1,32,SANVA BIB WATER TAPE,صنبور مياه (Sanva Bib) + شريط ماء,10 MIN,15AED,,remove old one -- change new unit,,,,,,,,,,,
Plumbing,1 pcs,1,33,SINGLE /DOUBLE UNION,وصلة مفردة / مزدوجة,15 MIN,30AED,,remove old one -- change new unit with pvc glue,,,,,,,,,,,
Plumbing,1 pcs,2,34,COUPLER/REDUCER/SOCKET CHANGE,استبدال كوع / وصلة / مخفض,10 MIN,15AED,,remove old one -- change new unit,,,,,,,,,,,
Plumbing,1 pcs,1,35,M/F TEE REPLACED,استبدال وصلة ذكر / أنثى (M/F Tee),20 MIN,20AED,,remove old one -- change new unit,,,,,,,,,,,
Plumbing,,,36,,,,,,,,,,,,,,,,,
Plumbing,per meter,2,37,HIGH PRESSURE PVC LINE WORK,خط ضغط عالي لأنابيب PVC,15 MIN/ M,6AED/M,,broken line removed - place new lines,,,,,,,,,,,
Plumbing,1 pcs,1,38,ELBOW CHANGE (HP),تغيير كوع (ضغط عالي),10 MIN,8 AED,,remove old one -- place new elbow,,,,,,,,,,,
Plumbing,1 pcs,1,39,VALVE (HP),صمام (ضغط عالي),15 MIN/ M,8 AED,,remove old one -- place new elbow with pvc glue,,,,,,,,,,,
Plumbing,1 pcs,2,40,SERVICE MOTOR CHANGE (WATER PUMP),تغيير موتور الخدمة (مضخة الماء),45 MIN,60AED,,if motor fired change new one /repairing if possible,,,,,,,,,,,
Plumbing,1 pcs,2,41,PUMP ROOM LEAKAGE IN PIPE OR JOINT,تسرب في غرفة المضخة (أنبوب أو وصلة),30 MIN,20AED,,fixed with glue / chane a section of line,,,,,,,,,,,
Plumbing,,2,42,MOTOR TROUBLESHOOT,فحص أعطال المحرك,30 MIN,35AED,,earting check reqired / shortcircuit need to solved,,,,,,,,,,,
Plumbing,1 pcs,2,43,WATER TANK (OVERHEAD) CHANGE,تغيير خزان المياه العلوي,2.5 HOURS,150AED,,complete set changed if existing is damaged,,,,,,,,,,,
Plumbing,1 pcs,2,44,WATER TANK (OVERHEAD) LEAKAGE,تسرب في خزان المياه العلوي,45 MIN,60AED,,sortout with HP glue,,,,,,,,,,,
Plumbing,1 pcs,2,45,COUPLER/SOCKET/REDUCER,كوع / وصلة / مخفض,,10AED EACH,,replaced by new unit with pvc glue,,,,,,,,,,,
Plumbing,1 pcs,1,46,SHUTT OFF VALVE,صمام إغلاق,15 MIN/EACH,25 AED,,replaced by new unit,,,,,,,,,,,
Plumbing,1 pcs,1,47,UNION (HP),وصلة (ضغط عالي),20MIN,20 AED,,replaced by new unit with pvc glue,,,,,,,,,,,
Plumbing,,,48,,,,,,,,,,,,,,,,,
Plumbing,1 set,2,49,PEX LINE INSTALLATION (RED + BLUE),تركيب خطوط PEX (أحمر + أزرق),N/A,50 AED,wall cutting for pex line then pex line install with concrete,,,,,,,,,,,,
Plumbing,1 pcs,2,50,PEX ELBOW FITTING WITH PLASTER,تركيب كوع PEX مع الجبس,N/A,20 AED,,elbow fitting with concrete,,,,,,,,,,,
Plumbing,1 connection,2,51,PEX CON. LINE JOINT (ABOVE CEILING ),وصلة أنبوب PEX (أعلى السقف),15MIN/JOINT,10 AED/ JOINT,,joinning line by main connection,,,,,,,,,,,
Carpenter,1 UNIT,1,52,DOOR REMOVING,إزالة الباب,15 MIN,20 AED,DAMAGE DOOR REMOVE - MAINATENANCE OF BROKEN PARK + FIXED AGAIN,,,,,,,,,,,,
Carpenter,NOS,1,53,DOOR HINGE FIXING,تثبيت مفصلات الباب,15 MIN,10 AED,HINGES FIXING ON CROSSECTIONAL PART BY LENGTH 3 MINIMUM,,,,,,,,,,,,
Carpenter,1 UNIT,2,54,DOOR PLY WORK (REPAIR),صيانة طبقة الباب (الخشب الرقائقي),1-2 HOUR,30 AED,REMOVED BROKEN PLY AND APPLY NEW PLY ON PARTICULAR AREA,,,,,,,,,,,,
Carpenter,1 DOOR,1,55,DOOR ADJUSTING,ضبط الباب,30 MIN,20 AED,ALINGMENT OF DOOR WITH RESPECT TO FRAME BY WOOD PLANNER TOOL,,,,,,,,,,,,
Carpenter,1 FRAME,2,56,FRAME REPLACEMENT,استبدال الإطار,1 HOUR,50 AED,ROTTEN WOOD FRAME BY TERMITES NEED REPLACEMENT BEFORE PEST CONTROL,,,,,,,,,,,,
Carpenter,1 FRAME,2,57,FRAME FIXING,تثبيت الإطار,25 MIN,25 AED,NEW FRAME FIXXING BY 4 INCHES SCREW NOT LESS THEN 12 SCREWS IN A FRAME,,,,,,,,,,,,
Carpenter,1 FRAME,2,58,NEW FRAME MAKING,تصنيع إطار جديد,3 HOUR,80 AED,NEW FRAME CUSTOMIZATION BY RED MERANTI WOOD BY WOOD PLANES AND TABLE SAW,,,,,,,,,,,,
Carpenter,NOS,1,59,HINGE FITTING MAKING,تجهيز وتثبيت المفصلات,25 MIN,10AED,CUTTING CAVITIES FOR HINGES INSIDE DOOR EDGE,,,,,,,,,,,,
Carpenter,,,60,,,,,SMOOT THE SURFACE BY DISK PAPER P60+APPLY GLUE THEN FIX CUSTOMISED MICA SHEET AND PRESS FOR 1-2 HOUR,,,,,,,,,,,,
Carpenter,SQ FT,2,61,MICA FIXING ON DOOR,تركيب طبقة المايكا على الباب,45 MIN,100 AED,,,,,,,,,,,,,
Carpenter,1 SHEET,1,62,MICA CUTTING,قص المايكا,20 MIN,30 AED,TAKING MEASUREMENT WITH RESPECT TO DÉCOR PART CUSTOMISED MICA BY MICA TRIMMER,,,,,,,,,,,,
Carpenter,1 FRAME,1,63,FRAME MICA PASTING,لصق المايكا على الإطار,3-4 HOUR,150 AED,TAKING MEASUREMENT WITH RESPECT TO DÉCOR PART CUSTOMISED MICA BY MICA TRIMMER,,,,,,,,,,,,
Carpenter,NOS,1,64,SALATA FIXING,تركيب السلاتة (لوح التزيين),5 MIN,20 AED,MAKING FRAME MARGINS STRAIGHT AND DOOR EDGES IN A STRAIGHT LINE,,,,,,,,,,,,
Carpenter,NOS,1,65,SALATA CUTTING,قص السلاتة,5 MIN,10 AED,AS PER DESIRED SHAPE AND SIZE WOOD STRIP CUSTOMISED,,,,,,,,,,,,
Carpenter,SQ FT,1,66,BOARD CUTTING,قص الألواح,5 MIN,10 AED,AS PER DESIRED SHAPE AND SIZE PLY BOARD IS CUSTOMISED,,,,,,,,,,,,
Carpenter,NOS,1,67,DOOR LOCK FIXING,تركيب قفل الباب,10 MIN,20 AED,MAKING DOOR LOCK CAVITY INSIDE DOOR AS PER LOCK BODY SIZE THEN PLACE COMPLETE SET INTO,,,,,,,,,,,,
Carpenter,NOS,1,68,LOCK WOOD SETTING,تجهيز مكان قفل الخشب,30 MIN,30 AED,SIZING OF CAVITY AS PER THE SIZE OF LOCK BODY,,,,,,,,,,,,
Carpenter,1 FRAME,1,69,FRAME PLANNER WORK,تسوية الإطار (بالفارة أو الأدوات الخشبية),25 MIN,25 AED,MAKING FRAME SMOOTH AND SHINY BY WOOD PLANNE,,,,,,,,,,,,
Carpenter,SQ FT,1,70,DÉCOR MAKING,عمل الديكور,N/A,N/A,AS PER DESIGN,,,,,,,,,,,,
Carpenter,,,71,,,,,,,,,,,,,,,,,
Carpenter,SQ FT,1,72,CUBOARD SETTING,تركيب الدولاب,N/A,N/A,DAMED HINGE /PANEL/SHEET REMOVED AND FIXIED BY NEW PART,,,,,,,,,,,,
Carpenter,1 UNIT,1,73,AC FRAME MAKING,تصنيع إطار مكيف,30 MIN,15 AED,AS PER SIZE OF WINDOW WOODEN BOARD MUST CUSTOMISED NOT LESS THEN 20 CM IN WIDTH,,,,,,,,,,,,
Carpenter,1 DOOR,1,74,PAINT REMOVING,إزالة الطلاء,1-2 HOUR,60 AED,BY GRINDER P60 SANDING DISK 4.5 INCH VARNISH IS REMOVED,,,,,,,,,,,,
Electric,PER POINT,1,75,WIRING 2.5 MM,تمديد أسلاك 2.5 مم,per meter,50 AED,WIRING WITH SPIN WIRE,,,,,,,,,,,,
Electric,PER POINT,1,76,WIRING 4MM,تمديد أسلاك 4 مم,per meter,20 AED,WIRING WITH SPIN WIRE,,,,,,,,,,,,
Electric,2G SOCKETS,1,77,2GANG SOCKET,مفتاح مزدوج (2gang socket),15 min,30 AED,FIXING UNIT DIRECTLY,,,,,,,,,,,,
Electric,3G SOCKETS,1,78,3GANG SOCKET,مفتاح ثلاثي (3gang socket),15 min,25 AED,FIXING UNIT DIRECTLY,,,,,,,,,,,,
Electric,1 NO,1,79,PANNEL LIGHT,لمبة بانل (Panel Light),20 MIN,50 AED,IF FIRED / FUSED :CHENAGE BY REPLACING OLD ONE,,,,,,,,,,,,
Electric,1 NO,1,80,SURFACE LIGHT,لمبة سطحية (Surface Light),15 MIN,50 AED,IF FIRED / FUSED :CHENAGE BY REPLACING OLD ONE,,,,,,,,,,,,
Electric,1 NO,1,81,COB LIGHT,لمبة كوب (COB Light),15 MIN,30 AED,IF FIRED / FUSED :CHENAGE BY REPLACING OLD ONE,,,,,,,,,,,,
Electric,1 NO,1,82,LED LIGHT FOCUS,لمبة تركيز (LED Light Focus),15 MIN,60 AED,IF FIRED / FUSED :CHENAGE BY REPLACING OLD ONE,,,,,,,,,,,,
Electric,1 NO,1,83,LED TUBE 2FT,أنبوب إضاءة بطول 2 قدم (LED Tube 2ft),10 MIN,10 AED,IF FIRED / FUSED :CHENAGE BY REPLACING OLD ONE,,,,,,,,,,,,
Electric,1 BOX,1,84,GI BOX NEW,صندوق معدني جديد (GI Box New),20 MIN,15 AED,CASTING BY CEMENT,,,,,,,,,,,,
Electric,METER,1,85,CONDUIT PVC,أنبوب بلاستيك (Conduit PVC),10 MIN,10 AED,LAID DOWN BY CLIPS,,,,,,,,,,,,
Electric,1 UNIT,1,86,CEILING FAN,مروحة سقف (Ceiling Fan),15 MIN,25 AED,FIXING + WINDING,,,,,,,,,,,,
Electric,1 SWITCH,1,87,AC SWITCH,مفتاح التكييف (AC Switch),20 MIN,25 AED,FIX UNIT DIRECTLY,,,,,,,,,,,,
Electric,1 FAN UNIT,1,88,EXHAUST FAN,مروحة شفط (Exhaust Fan),10 MIN,20 AED,FIXING + WINDING,,,,,,,,,,,,
Electric,13 A POWER SOCKET,1,89,AC CONNECTION,توصيلات التكييف (AC Connection),10 MIN,20 AED,NEED CONNECTION AS PER R.Y.B SCNERIO,,,,,,,,,,,,
Electric,1 BELL,1,90,RING BELL,جرس باب (Ring Bell),10 MIN,15 AED,DIRECT FIXING UNIT,,,,,,,,,,,,
Electric,1 BELL SWITCH,1,91,BELL SWITCH,مفتاح الجرس (Bell Switch),15 MIN,15 AED,DIRECT FIXING UNIT,,,,,,,,,,,,
Electric,1 MCB UNIT,1,92,MCB REPLACED,تبديل قاطع الكهرباء (MCB Replaced),20 MIN,30 AED,IF FIRED / FUSED/ TRIPPING: REPLACE BY NEW,,,,,,,,,,,,
Electric,1 DB PANEL,1,93,PANEL FIXING,تثبيت لوحة التوزيع (Panel Fixing),1 HRS,50 AED,WITH R.Y.B MODEL MAKE PANEL CONNECTIONS,,,,,,,,,,,,
Electric,N/A,1,94,SHORTCIRCUIT,عطل قصير كهربائي (Short Circuit),20 MIN,25 AED,CHECKING LINE BY SECTION WISE,,,,,,,,,,,,
AC,NOS,2,95,compressor,ضاغط (Compressor),3 hrs,80 AED,FUSED ONE REMOVED + NEW INSTALLED BY BRAZING / WELDING,,,,,,,,,,,,
AC,NOS,1,96,capacitor,مكثف كهربائي (Capacitor),15 min,20 AED,DISCHARGED CAP. REMOVED AND NEW WINDED,,,,,,,,,,,,
AC,NOS,1,97,thermostate,منظم حرارة (Thermostat),15 min,30 AED,OLD REPLACED BY NEW ONE,,,,,,,,,,,,
AC,NOS,1,98,isolator,قاطع عزل (Isolator),15 min,25 AED,OLD REPLACED BY NEW ONE,,,,,,,,,,,,
AC,JOINT,2,99,brazing,لحام نحاس (Brazing),1.5 hrs,50 AED,DETECT LEAKAGE + BRAZE THE PIPE BY COOPER ELECTRODE,,,,,,,,,,,,
AC,GRAM /KG,2,100,gas refilling,تعبئة غاز (Gas Refilling),30 min,50 AED,60-85 PSI BELOW OR ABOVE NEED GAS REFILLING FOR R22 AND 110 -145 FOR R410,,,,,,,,,,,,
AC,,2,101,complete clean,تنظيف كامل (Complete Clean),1 hrs,50 AED,,,,,,,,,,,,,
AC,1 UNIT,1,102,filter cleaning,تنظيف الفلتر (Filter Cleaning),25 mins,30 AED,DIRECT WATER JET CLEANING,,,,,,,,,,,,
AC,NOS,1,103,fanmotor rep.,إصلاح مروحة المحرك (Fan Motor Repair),1hrs,60 AED,IF FIRED CHANE OR REPAIRED NEW,,,,,,,,,,,,
Paint,METER SQ,2,104,MASTER ROOM,غرفة رئيسية (Master Room),15min,150 AED,wall cleaning+ wrapping+crack filling+primer work+majoon+ sanding+ 2 final coating,,,,,,,,,,,,
Paint,METER SQ,2,105,ROOM SMALL,غرفة صغيرة (Small Room),15min,120 AED,,,,,,,,,,,,,
Paint,METER SQ,2,106,LIVING AREA,غرفة المعيشة (Living Area),15min,180 AED,#ERROR!,,,,,,,,,,,,
Paint,METER SQ,1,107,KITCHEN,المطبخ (Kitchen),15min,60AED,CHEMICAL TREATMENT OPTIONAL IF WATER LEAKAGE IS THERE OR SEEPAGE SEEN ON THE WALL,,,,,,,,,,,,
Paint,METER SQ,1,108,BATHROOM,الحمّام (Bathroom),15min,60AED,,,,,,,,,,,,,
Paint,METER SQ,1,109,BATH SMALL,حمّام صغير (Small Bath),15min,50AED,,,,,,,,,,,,,
Paint,METER SQ,1,110,LOBBY,الممر (Lobby),15min,40 AED,,,,,,,,,,,,,
Paint,METER SQ,1,111,BALCONY,الشرفة (Balcony),15min,50AED,,,,,,,,,,,,,
Paint,METER SQ,2,112,DOOR VARNISH,تلميع الباب (Door Varnish),40 min,50 AED,CLEANING+WRAPPING+FILLER +COMPRESSOR SPRAY PAINT WORK,,,,,,,,,,,,
Mason,METER SQUARE,2,113,BLOCK WORK,,20min/meter,25 AED/M,LEVELLING + ALINGNMENT+AS PER DRAWING SPECIFICATION MASONARY WORK STARTED/ BLOCK WORK FIXING PLACED,,,,,,,,,,,,
Mason,METER SQUARE,2,114,PLASTER WORK,,10 min/meter,15 AED/M,PLASTER WORK APPLYING CEMENT MORTAR ON WALLS AND CEILING SMOOTHNING BY PLANNER AND ALUM. BRACKET,,,,,,,,,,,,
Mason,METER SQUARE,2,115,PLASTER REPAIR,,25 min/meter,10 AED/M,BY CHEMICAL TREATMENT+PLASTER BONG IS MIXED WITH MORTAR THEN REPAIRING CAN BE FIXED,,,,,,,,,,,,
Mason,METER SQUARE,2,116,CEILING PLASTER,,30 min/meter,12 AED/M,BY CHEMICAL TREATMENT+PLASTER BONG IS MIXED WITH MORTAR THEN PLASTER CAN BE DONE,,,,,,,,,,,,
Mason,FLOOR LEVEL,2,117,SCAFOLDING FIXING,,2 hrs/meter,15 AED/F,LEDGERS CAN BE CRAFTED AS PER OUR REACH AND WORKING SPOT,,,,,,,,,,,,
Mason,FLOOR LEVEL,2,118,CUST. SCAFOLDING,,3 hrs/meter,18 AED/F,LEDGERS CAN BE HAND CRAFTED IF AREA IS TOO SMALL WHERE DESIRED IRON LEDGERS CANT FIXED,,,,,,,,,,,,
Mason,METER SQUARE,2,119,FLOOR PLASTER,,20 min/meter,10AED/M,BY LEVELLING AND PROVING NOMINAL SLPOE + FLOOR PLASTE CAN BE DONE BY ADDING BLACK SAND,,,,,,,,,,,,
Mason,METER SQUARE,2,120,TILE WORK,,15 min/meter,15AED/M,ON FLOOR PLASTER LEVELLING TILE WORK CAN BE DONE BY SPECILISED GLU FROM RAK/MAIPI COMPANY BONDING MATERIAL,,,,,,,,,,,,
Mason,METER SQUARE,2,121,CONCRETE FILLING,,30 min/meter,25AED/M,BY PROVIDING RCC AND STEEL REBARS CONCRETYE CASTING CAN BE DONE AS PER THE DARWING SHAPE AND SIZE,,,,,,,,,,,,
Mason,Number/KG,2,122,STEEL WORK REBARS,,25 min/meter,25AED/SECTION,COLUMNS ANDS STEEL BEAMS WINDING WORK CAN BE DONE BY BAR BENDING SCHEDULE ( BBS) METHOD,,,,,,,,,,,,
,,,,,,,,,,,,,,,,,,,,
,,,,,,,,,,,,,,,,,,,,
,,,,,,,,,,,,,,POINT DISTRIBUTION FOR CEILING WORKERS ON THE BASIS OF LUMSUM ROOM,,,,,,
,,,,,,POINT DISTRIBUTION FOR ELECTRICIAN,,,,,,UNIT,min emp.,S.NO,TASK LIST,DURATION,CHARGE AED,REWARDS POINTS,,
,,,,,,min emp,TASK LIST,DURATION,CHARGE AED,REWARDS POINTS,,SQ FT,2,1,GYPSUM CEILING 8 x 4 ft,10min,150 AED,20 RP,AS PER THE DIMESION OF GI FRAMING SHEET SIZE LL BE CUSTOMISED,
PER POINT,WIRING WITH SPIN WIRE,,,,,1,WIRING 2.5 MM,per meter,50 AED,5 RP,,SQ FT,2,2,GI frame work,10min,100 AED,10 RP,MAKING GI FRAME WORK BY C CHANEL /STUDD AND WALL ANGLE THEN FIXED BY GYPSUM SCREW,
PER POINT,WIRING WITH SPIN WIRE,,,,,1,WIRING 4MM,per meter,20 AED,6 RP,,SQ FT,2,3,MARKING + DRILLING,2 min,30 AED,5 RP,MARKING THE LEVEL OF CEILING BY CELING HEIGHT AND APPLY SCREW AS PER THE WALL ANGLE LOACTION,
2G SOCKETS,FIXING UNIT DIRECTLY,,,,,1,2GANG SOCKET,15 min,30 AED,3 RP,,I sheet,2,4,SHEET CUTTING,10 min,25 AED,6 RP,CUSTOMISATION AS PER THE SIZE,
3G SOCKETS,FIXING UNIT DIRECTLY,,,,,1,3GANG SOCKET,15 min,25 AED,4 RP,,SQ FT,2,5,forceiling 60 x 60 cm,15min,100 AED,15 RP,MAKING FRAMING BY 60 CM TEE AND 120 CM TEE WITH THE HELP OF SS WIRE AND APPLY SCREWS,
1 NO,IF FIRED / FUSED :CHENAGE BY REPLACING OLD ONE,,,,,1,PANNEL LIGHT,20 MIN,50 AED,4 RP,,SQ FT,2,6,frame making,10 min,60 AED,10 RP,,
1 NO,IF FIRED / FUSED :CHENAGE BY REPLACING OLD ONE,,,,,1,SURFACE LIGHT,15 MIN,50 AED,3 RP,,SQ FT,2,7,marking + drilling,20 min,30 AED,5 RP,MARKING LEVELLING AND DRILLING HOLES FOR SUPPORTING FRAME IN CEILING,
1 NO,IF FIRED / FUSED :CHENAGE BY REPLACING OLD ONE,,,,,1,COB LIGHT,15 MIN,30 AED,3 RP,,,,,,,,,,
1 NO,IF FIRED / FUSED :CHENAGE BY REPLACING OLD ONE,,,,,1,LED LIGHT FOCUS,15 MIN,60 AED,3 RP,,,,,,,,,,
1 NO,IF FIRED / FUSED :CHENAGE BY REPLACING OLD ONE,,,,,1,LED TUBE 2FT,10 MIN,10 AED,2 RP,,,,,,,,,,
1 BOX,CASTING BY CEMENT,,,,,1,GI BOX NEW,20 MIN,15 AED,3 RP,,,,,ETIHAD CONSTRUCTION LLC,,,,,
METER,LAID DOWN BY CLIPS,,,,,1,CONDUIT PVC,10 MIN,10 AED,2 RP,,,,,,,,,,
1 UNIT,FIXING + WINDING,,,,,1,CEILING FAN,15 MIN,25 AED,3 RP,,,,POINT DISTRIBUTION FOR MASON AND HELPERS  ON THE BASIS OF LUMSUM ROOM,,,,,,DESCRIPTION
1 SWITCH,FIX UNIT DIRECTLY,,,,,1,AC SWITCH,20 MIN,25 AED,3 RP,duration per meter,,min. emp,S.NO,TASK LIST,UNIT,CHARGE AED,REWARDS POINTS,,
1 FAN UNIT,FIXING + WINDING,,,,,1,EXHAUST FAN,10 MIN,20 AED,2 RP,,20min,2,1,BLOCK WORK,METER SQUARE,25 AED/M,3 RP/M,LEVELLING + ALINGNMENT+AS PER DRAWING SPECIFICATION MASONARY WORK STARTED/ BLOCK WORK FIXING PLACED,
13 A POWER SOCKET,NEED CONNECTION AS PER R.Y.B SCNERIO,,,,,1,AC CONNECTION,10 MIN,20 AED,4 RP,,10 min,2,2,PLASTER WORK,METER SQUARE,15 AED/M,2 RP/M,PLASTER WORK APPLYING CEMENT MORTAR ON WALLS AND CEILING SMOOTHNING BY PLANNER AND ALUM. BRACKET,
1 BELL,DIRECT FIXING UNIT,,,,,1,RING BELL,10 MIN,15 AED,3 RP,,25 min,2,3,PLASTER REPAIR,METER SQUARE,10 AED/M,2RP/M,BY CHEMICAL TREATMENT+PLASTER BONG IS MIXED WITH MORTAR THEN REPAIRING CAN BE FIXED,
1 BELL SWITCH,DIRECT FIXING UNIT,,,,,1,BELL SWITCH,15 MIN,15 AED,2 RP,,30 min,2,4,CEILING PLASTER,METER SQUARE,12 AED/M,3RP/M,BY CHEMICAL TREATMENT+PLASTER BONG IS MIXED WITH MORTAR THEN PLASTER CAN BE DONE,
1 MCB UNIT,IF FIRED / FUSED/ TRIPPING: REPLACE BY NEW,,,,,1,MCB REPLACED,20 MIN,30 AED,5 RP,,2 hrs,2,5,SCAFOLDING FIXING,FLOOR LEVEL,15 AED/F,5RP/FLOOR,LEDGERS CAN BE CRAFTED AS PER OUR REACH AND WORKING SPOT,
1 DB PANEL,WITH R.Y.B MODEL MAKE PANEL CONNECTIONS,,,,,1,PANEL FIXING,1 HRS,50 AED,10 RP,,3 hrs,2,6,CUST. SCAFOLDING,FLOOR LEVEL,18 AED/F,8RP/FLOOR,LEDGERS CAN BE HAND CRAFTED IF AREA IS TOO SMALL WHERE DESIRED IRON LEDGERS CANT FIXED,
N/A,CHECKING LINE BY SECTION WISE,,,,,1,SHORTCIRCUIT,20 MIN,25 AED,2 RP,,20 min,2,7,FLOOR PLASTER,METER SQUARE,10AED/M,3RP/M,BY LEVELLING AND PROVING NOMINAL SLPOE + FLOOR PLASTE CAN BE DONE BY ADDING BLACK SAND,
,,,,,,,,,,,,15 min,2,8,TILE WORK,METER SQUARE,15AED/M,2RP/M,ON FLOOR PLASTER LEVELLING TILE WORK CAN BE DONE BY SPECILISED GLU FROM RAK/MAIPI COMPANY BONDING MATERIAL,
,,,,,,,,,,,,30 min,2,9,CONCRETE FILLING,METER SQUARE,25AED/M,4RP/M,BY PROVIDING RCC AND STEEL REBARS CONCRETYE CASTING CAN BE DONE AS PER THE DARWING SHAPE AND SIZE,
,,,,,,,,,,,,25 min,2,10,STEEL WORK REBARS,NO/KG,25AED/SECTION,3RP/SECTION,COLUMNS ANDS STEEL BEAMS WINDING WORK CAN BE DONE BY BAR BENDING SCHEDULE ( BBS) METHOD,
,,,,,,DRIVERS POINTS,,,,,,,,,,,,,,
,,,,,,,,,,,,,,NOTE : HELPERS FOR MASON ARE ELIGIBLE TO GE 65% OF MASON RPs,,,,,,
,,,,,,S.NO,TASK LIST,DURATION,CHARGE AED,REWARDS POINTS,,,,,,,,,,
,,,,,,1,TRIP,N/A,N/A,2 RP,,,,,,,,,,
,,,,,,,,,,,,,,,IF 1 RP = 1 AED,,,,,
,,,,,,IF 1 RP = 1 AED (20 RP means 20 Reward points),,,,,,,,,,,,,,